{
  "configVersion": 1,
  "timestamp": 1610531081115,
  "index": "/index.html",
  "assetGroups": [
    {
      "name": "app",
      "installMode": "prefetch",
      "updateMode": "prefetch",
      "urls": [
        "/5-es2015.c7f9621c64994df478b8.js",
        "/5-es5.c7f9621c64994df478b8.js",
        "/favicon.ico",
        "/index.html",
        "/main-es2015.d275b58db8d7f14a232e.js",
        "/main-es5.d275b58db8d7f14a232e.js",
        "/manifest.webmanifest",
        "/polyfills-es2015.dc4fd68f0a557169bd87.js",
        "/polyfills-es5.f19fc0a3e24e5df6cb6e.js",
        "/runtime-es2015.4e03be772610b86d000a.js",
        "/runtime-es5.4e03be772610b86d000a.js",
        "/styles.b791c2d1e7fbd373433b.css"
      ],
      "patterns": []
    },
    {
      "name": "assets",
      "installMode": "lazy",
      "updateMode": "prefetch",
      "urls": [
        "/Gilroy-Black.3ee088ebf456531c3c79.eot",
        "/Gilroy-Black.bde8bcef5590fd0ee6bc.woff",
        "/Gilroy-Black.d59719bcf2c0c2e0db32.ttf",
        "/Gilroy-Bold.32750b00d6f5003097a6.woff",
        "/Gilroy-Bold.3cf0ee273a0b3f022234.ttf",
        "/Gilroy-Bold.5e111ca086414e1d8905.eot",
        "/Gilroy-ExtraBold.07e6a6cd3cdb9eedaa9a.ttf",
        "/Gilroy-ExtraBold.2037b7c09569dd6f0ca3.woff",
        "/Gilroy-ExtraBold.bdf3ea41ca5484b3f973.eot",
        "/Gilroy-Heavy.335c7ebfe69e97fec5ae.eot",
        "/Gilroy-Heavy.8d36efeb3349af073647.ttf",
        "/Gilroy-Heavy.ffa5800ec1a44bef80af.woff",
        "/Gilroy-Light.73bfa12b55452a65a025.ttf",
        "/Gilroy-Light.c2a5327dd2426ad4cbdd.eot",
        "/Gilroy-Light.f9b62dd8f7c5cc5820ee.woff",
        "/Gilroy-Medium.6444f14adcdee041b621.ttf",
        "/Gilroy-Medium.7d5dc1791cf2738d55a8.woff",
        "/Gilroy-Medium.ce12e7f23ff25c6f5343.eot",
        "/Gilroy-Regular.59525ce19c9e4999bc19.eot",
        "/Gilroy-Regular.8e8705d069fbb9099b3a.woff",
        "/Gilroy-Regular.ae5e7255973ffe09b53f.ttf",
        "/Gilroy-SemiBold.05bdf30b8aaa10683c19.ttf",
        "/Gilroy-SemiBold.2b2e536ee22048c9e56a.eot",
        "/Gilroy-SemiBold.989947b092774c1d2811.woff",
        "/Gilroy-Thin.936acdcb3f6bd61bb534.eot",
        "/Gilroy-Thin.b4e27db9f692dbeec0d2.ttf",
        "/Gilroy-Thin.e1358f50dab25bfa576e.woff",
        "/Gilroy-UltraLight.1b3e628e784f8ade6bc7.eot",
        "/Gilroy-UltraLight.22b0d1f59b420e6c71de.woff",
        "/Gilroy-UltraLight.d3d30383ec85ad32cc9b.ttf",
        "/assets/biblioNight.jpg",
        "/assets/formBack.jpg",
        "/assets/icons/icon-128x128.png",
        "/assets/icons/icon-144x144.png",
        "/assets/icons/icon-152x152.png",
        "/assets/icons/icon-192x192.png",
        "/assets/icons/icon-512x512.png",
        "/assets/icons/icon-72x72.png",
        "/assets/logo.png",
        "/assets/mainBack.png",
        "/assets/svg/find.svg",
        "/assets/svg/invalid.svg",
        "/assets/svg/valid.svg",
        "/biblioNight.f8c4a8624841c27077b5.jpg",
        "/formBack.4b90a3447f2e0928fd29.jpg",
        "/mainBack.a7133ceb0d75d0c0bb07.png"
      ],
      "patterns": []
    }
  ],
  "dataGroups": [],
  "hashTable": {
    "/5-es2015.c7f9621c64994df478b8.js": "722ef5bbc426f4487b10540460f647fcaebb70bb",
    "/5-es5.c7f9621c64994df478b8.js": "722ef5bbc426f4487b10540460f647fcaebb70bb",
    "/Gilroy-Black.3ee088ebf456531c3c79.eot": "2b0f5551b25ad5ab06621909bdad640fd51bc101",
    "/Gilroy-Black.bde8bcef5590fd0ee6bc.woff": "ce871c80a35a596e39f663d90b11f13d8e8a6b06",
    "/Gilroy-Black.d59719bcf2c0c2e0db32.ttf": "b657d917cffc57f27ad2dd27e213729606fa6a0a",
    "/Gilroy-Bold.32750b00d6f5003097a6.woff": "e7e72722332c7b79a975e183710b822c70733a40",
    "/Gilroy-Bold.3cf0ee273a0b3f022234.ttf": "9ee3b9154afcd608ef76c584dd82ac48b0feded5",
    "/Gilroy-Bold.5e111ca086414e1d8905.eot": "9b1185ff0d4f58e9ad347eac018d360a20497859",
    "/Gilroy-ExtraBold.07e6a6cd3cdb9eedaa9a.ttf": "a84043c73bbb0bc83dbfc74d7bed59bf51e48a33",
    "/Gilroy-ExtraBold.2037b7c09569dd6f0ca3.woff": "fa50cb1c6e90f5608cb8f347b124847a0b5de9fe",
    "/Gilroy-ExtraBold.bdf3ea41ca5484b3f973.eot": "101527105399bc14876038b349d94bf05b1d300b",
    "/Gilroy-Heavy.335c7ebfe69e97fec5ae.eot": "a4695f8a7321e1d4b27248d47b3e28a277f84803",
    "/Gilroy-Heavy.8d36efeb3349af073647.ttf": "b7331b46f769866d6abcbe1ed97cdbcb8c625b7b",
    "/Gilroy-Heavy.ffa5800ec1a44bef80af.woff": "e9e7cc29f8bb1394adcc85eb3c0ae555b02cc22c",
    "/Gilroy-Light.73bfa12b55452a65a025.ttf": "bcbd3e1c8e7f80705f68732bedc66a0567018ec6",
    "/Gilroy-Light.c2a5327dd2426ad4cbdd.eot": "777875802006bbde37eb6e8a79c8676d94e54444",
    "/Gilroy-Light.f9b62dd8f7c5cc5820ee.woff": "2c0ecc3ef36100b6da86cb822853b328ead4205d",
    "/Gilroy-Medium.6444f14adcdee041b621.ttf": "273a04108115357ca42857ea26448b0269661551",
    "/Gilroy-Medium.7d5dc1791cf2738d55a8.woff": "7960861bd85d181bd3ff1abd77d55791d05c83e4",
    "/Gilroy-Medium.ce12e7f23ff25c6f5343.eot": "d4a9b65cc2720e31ad2db32208ff702c2af30f5b",
    "/Gilroy-Regular.59525ce19c9e4999bc19.eot": "8482cd7513b2a475a7303682ef88bb829c807d02",
    "/Gilroy-Regular.8e8705d069fbb9099b3a.woff": "ff762363b88add1df9a3c36ff1247796376b61e6",
    "/Gilroy-Regular.ae5e7255973ffe09b53f.ttf": "8017fa012735b7328e737c58373e264b76323c60",
    "/Gilroy-SemiBold.05bdf30b8aaa10683c19.ttf": "c6a7771fa8c42ba06d6a7a2a93bb233a26a6a62b",
    "/Gilroy-SemiBold.2b2e536ee22048c9e56a.eot": "28e93762409e3ef66cec20d570b842324681bcce",
    "/Gilroy-SemiBold.989947b092774c1d2811.woff": "ea98b81bd2692f0be4331f20e2b304a6258b1ba1",
    "/Gilroy-Thin.936acdcb3f6bd61bb534.eot": "19e2868046d96bba2d8a52eb1ed60199752b2e16",
    "/Gilroy-Thin.b4e27db9f692dbeec0d2.ttf": "0ccdc3ab6a8eefbd8685394183aa795defa4d6d6",
    "/Gilroy-Thin.e1358f50dab25bfa576e.woff": "b903983a4b18d1bf5a2c061e5dae526c338b7867",
    "/Gilroy-UltraLight.1b3e628e784f8ade6bc7.eot": "f8a0d9ca2200a34f0c04c3074cab1f3997866662",
    "/Gilroy-UltraLight.22b0d1f59b420e6c71de.woff": "46fd6416c434609ea615ab1e6127bc6fe80f6bfd",
    "/Gilroy-UltraLight.d3d30383ec85ad32cc9b.ttf": "b204c95f90879b1d9a4d55f96aad2cf710b32025",
    "/assets/biblioNight.jpg": "99f489ef27f772fa8c2b1b4e26191b8dad08a357",
    "/assets/formBack.jpg": "70d7d2a15c6a4e0eae0e41c7d4ff77878d77585e",
    "/assets/icons/icon-128x128.png": "fdb1063294ab9d230f3c51ba31f44f167c31f7af",
    "/assets/icons/icon-144x144.png": "5ba9bd3d4458e2786f131065770e59fcccc48346",
    "/assets/icons/icon-152x152.png": "b9f56ba85c2b4b60de4d100d1e5c15344c23bfc2",
    "/assets/icons/icon-192x192.png": "f190682139e41b504a535e0f63dfcf71e7f8f877",
    "/assets/icons/icon-512x512.png": "9527e64bd756a9a28e869c9401eb454f5c6b2ab0",
    "/assets/icons/icon-72x72.png": "b7a4629ebf141f0b240b2f064938db1316596740",
    "/assets/logo.png": "612b4516c26bd245fd4910ef02769f60784eb4b1",
    "/assets/mainBack.png": "55c65982d02c8d0d63ea9c47edaefc76e31c3355",
    "/assets/svg/find.svg": "504dc6df2bf73ebc9b641ff7c6403c2c3e720928",
    "/assets/svg/invalid.svg": "dcc80fbed37842113f50413520e7dfaab3e4b592",
    "/assets/svg/valid.svg": "007794aa5471366f33c166c7ecd4d3562ffdde7d",
    "/biblioNight.f8c4a8624841c27077b5.jpg": "99f489ef27f772fa8c2b1b4e26191b8dad08a357",
    "/favicon.ico": "35d0e15d9ff9610d70542a0f40e3df6c93e52c55",
    "/formBack.4b90a3447f2e0928fd29.jpg": "70d7d2a15c6a4e0eae0e41c7d4ff77878d77585e",
    "/index.html": "e0740904ac2ebef35e4feb7fb9543dfd5eb8dc5e",
    "/main-es2015.d275b58db8d7f14a232e.js": "29caf475880067d470c69d6941f7fae49042ecba",
    "/main-es5.d275b58db8d7f14a232e.js": "ed34ca3e9f6360897ace0c4997971b4d83230d39",
    "/mainBack.a7133ceb0d75d0c0bb07.png": "55c65982d02c8d0d63ea9c47edaefc76e31c3355",
    "/manifest.webmanifest": "b3552297480400330ad0ecc26988da963a528d6e",
    "/polyfills-es2015.dc4fd68f0a557169bd87.js": "ca229c059f8a4aaf554cdc165e7b762d0ccb5e24",
    "/polyfills-es5.f19fc0a3e24e5df6cb6e.js": "75549d9b466e778639de61097719531c7783bc03",
    "/runtime-es2015.4e03be772610b86d000a.js": "63bad0038596873f873b18e009c45099d35214c2",
    "/runtime-es5.4e03be772610b86d000a.js": "ed319cb376ffd6bb47d416b28a66aff1b41eb2b4",
    "/styles.b791c2d1e7fbd373433b.css": "e4b12626e3e0af12a1b76bddf469e5329c9d4f67"
  },
  "navigationUrls": [
    {
      "positive": true,
      "regex": "^\\/.*$"
    },
    {
      "positive": false,
      "regex": "^\\/(?:.+\\/)?[^/]*\\.[^/]*$"
    },
    {
      "positive": false,
      "regex": "^\\/(?:.+\\/)?[^/]*__[^/]*$"
    },
    {
      "positive": false,
      "regex": "^\\/(?:.+\\/)?[^/]*__[^/]*\\/.*$"
    }
  ]
}